{"tloss": 23.429698944091797, "_timestamp": 1683448669.3633778, "_runtime": 29.8375186920166, "_step": 68}