{"loss": 489036.3125, "_timestamp": 1683315077.1443286, "_runtime": 335.6330146789551, "_step": 2599, "_wandb": {"runtime": 335}}