{"loss": 10.379192352294922, "_timestamp": 1683295354.3782668, "_runtime": 203.77943587303162, "_step": 0, "_wandb": {"runtime": 206}}