{"loss": 276089.125, "_timestamp": 1683318520.268714, "_runtime": 3189.4843640327454, "_step": 26225, "_wandb": {"runtime": 3188}}