{"loss": 793452.75, "lossBB": 6.20449161529541, "_timestamp": 1683322573.284304, "_runtime": 1503.593318939209, "_step": 8086, "_wandb": {"runtime": 1503}}