{"loss": 807125.0, "lossBB": 7.24705696105957, "_timestamp": 1683364451.5495834, "_runtime": 533.0581614971161, "_step": 3799, "_wandb": {"runtime": 532}}