{"loss": 12.451662063598633, "_timestamp": 1683313535.7460177, "_runtime": 57.004558801651, "_step": 269, "_wandb": {"runtime": 56}}