{"tloss": 1.2557132244110107, "_timestamp": 1683468288.537377, "_runtime": 18532.093667030334, "_step": 56680}