{"tloss": 26.935209274291992, "_timestamp": 1683449941.7854195, "_runtime": 185.34170937538147, "_step": 508}