{"loss": 503080.6875, "lossBB": 6.686068058013916, "_timestamp": 1683323069.2949536, "_runtime": 399.54186248779297, "_step": 2773, "_wandb": {"runtime": 398}}