{"loss": 321549.8125, "lossBB": 6.339146137237549, "_timestamp": 1683320780.1905584, "_runtime": 1801.828102350235, "_step": 8731, "_wandb": {"runtime": 1801}}