{"loss": 6.938196659088135, "_timestamp": 1683313252.267665, "_runtime": 460.5927309989929, "_step": 2599, "_wandb": {"runtime": 459}}