{"loss": 9.47146987915039, "_timestamp": 1683298063.2489367, "_runtime": 2676.1833436489105, "_step": 142, "_wandb": {"runtime": 2724}}