{"tloss": 32.1594123840332, "_timestamp": 1683448573.541911, "_runtime": 835.9356420040131, "_step": 2273}