{"loss": 533741.6875, "lossBB": 7.117030620574951, "_timestamp": 1683354294.7010143, "_runtime": 31188.687496185303, "_step": 16681, "_wandb": {"runtime": 31188}}