{"loss": 8.966516494750977, "_timestamp": 1683314194.3311946, "_runtime": 35.53119373321533, "_step": 127, "_wandb": {"runtime": 35}}