{"loss": 465105.8125, "lossBB": 6.7546586990356445, "_timestamp": 1683362462.4354315, "_runtime": 7993.875057458878, "_step": 58904, "_wandb": {"runtime": 7993}}