{"loss": 10.211030960083008, "_timestamp": 1683314127.1596668, "_runtime": 413.546838760376, "_step": 2116, "_wandb": {"runtime": 413}}