{"loss": 419561.21875, "_timestamp": 1683314696.2218397, "_runtime": 312.28125977516174, "_step": 2599, "_wandb": {"runtime": 311}}