{"loss": 12.79759407043457, "_timestamp": 1683313685.8624537, "_runtime": 23.968746662139893, "_step": 76, "_wandb": {"runtime": 23}}