{"loss": [[37023.91796875, 224.76800537109375, 215163.484375, 240551.84375], [0.47334402799606323, 338.8521728515625, 25959.658203125, 232140.734375], [12835.9833984375, 6330.21826171875, 68673.34375, 174013.28125], [93531.328125, 54017.1953125, 233023.34375, 180665.4375], [72326.578125, 5806.724609375, 150960.234375, 67722.0546875], [123021.34375, 284.5003967285156, 262144.0, 118545.1328125], [128088.125, 60145.7890625, 227450.40625, 101287.765625], [34452.875, 11406.240234375, 130240.9609375, 142859.609375]], "_timestamp": 1683314266.6593308, "_runtime": 10.156248807907104, "_step": 0, "_wandb": {"runtime": 9}}