{"loss": 11.868830680847168, "_timestamp": 1683301104.9039652, "_runtime": 2945.4165053367615, "_step": 195, "_wandb": {"runtime": 2948}}